PROFID,DEPARTID,PROFTITLE
548212112,548,Storekeeper
548212113,548,Storekeeper
548212114,548,Storekeeper
548212115,548,Storekeeper
548212116,548,Storekeeper
548212117,548,Storekeeper
548212118,548,Storekeeper
548212119,548,Storekeeper
548212120,548,Storekeeper
548212121,548,Storekeeper
548212122,548,Storekeeper
548212123,548,Storekeeper
548212124,548,Storekeeper
548212125,548,Storekeeper
548212126,548,Storekeeper
548212127,548,Storekeeper
548212128,548,Storekeeper
548212129,548,Storekeeper
548212130,548,Storekeeper
548212131,548,Storekeeper
548212132,548,Storekeeper
548212133,548,Storekeeper
548212134,548,Storekeeper
548212135,548,Storekeeper
548212136,548,Storekeeper
548212137,548,Storekeeper
548212138,548,Storekeeper
548212139,548,Storekeeper
548212140,548,Storekeeper
548212141,548,Storekeeper
548212142,548,Storekeeper
548212143,548,Storekeeper
5491011,549,Manager
5491022,549,Semi-Manager
5491033,549,Secretary
5501011,550,Manager
5501022,550,Semi-Manager
5501033,550,Secretary
5501054,550,Customer Service
5501055,550,Customer Service
5501056,550,Customer Service
5501057,550,Customer Service
5501058,550,Customer Service
5501059,550,Customer Service
55010510,550,Customer Service
55010511,550,Customer Service
55010512,550,Customer Service
55010513,550,Customer Service
55010514,550,Customer Service
55010515,550,Customer Service
55010516,550,Customer Service
55010517,550,Customer Service
55010518,550,Customer Service
55010519,550,Customer Service
55010520,550,Customer Service
55010521,550,Customer Service
55010522,550,Customer Service
55010523,550,Customer Service
55022124,550,Masseuse
55022125,550,Masseuse
55022126,550,Masseuse
55022127,550,Masseuse
55022128,550,Masseuse
55022129,550,Masseuse
55022130,550,Masseuse
55022131,550,Masseuse
55022132,550,Masseuse
55022133,550,Masseuse
55022134,550,Masseuse
55022135,550,Masseuse
55022136,550,Masseuse
55022137,550,Masseuse
55022138,550,Masseuse
55022139,550,Masseuse
55022140,550,Masseuse
55022141,550,Masseuse
55022142,550,Masseuse
55022143,550,Masseuse
55022144,550,Masseuse
55022145,550,Masseuse
55022146,550,Masseuse
55022147,550,Masseuse
55022148,550,Masseuse
55022149,550,Masseuse
55022150,550,Masseuse
55022151,550,Masseuse
55022152,550,Masseuse
55022153,550,Masseuse
55022154,550,Masseuse
55022155,550,Masseuse
55022156,550,Masseuse
55022157,550,Masseuse
55022158,550,Masseuse
55022159,550,Masseuse
55022160,550,Masseuse
55022161,550,Masseuse
55022162,550,Masseuse
55022163,550,Masseuse
55022264,550,Dietician
55022265,550,Dietician
55022266,550,Dietician
55022267,550,Dietician
55022268,550,Dietician
55022269,550,Dietician
55022270,550,Dietician
55022271,550,Dietician
55022272,550,Dietician
55022273,550,Dietician
55022374,550,Yoga Instructor
55022375,550,Yoga Instructor
55022376,550,Yoga Instructor
55022377,550,Yoga Instructor
55022378,550,Yoga Instructor
55022379,550,Yoga Instructor
55022380,550,Yoga Instructor
55022381,550,Yoga Instructor
55022382,550,Yoga Instructor
55022383,550,Yoga Instructor
55022384,550,Yoga Instructor
55022385,550,Yoga Instructor
55022386,550,Yoga Instructor
55022387,550,Yoga Instructor
55022388,550,Yoga Instructor
55022389,550,Yoga Instructor
55022390,550,Yoga Instructor
55022391,550,Yoga Instructor
55022392,550,Yoga Instructor
55022393,550,Yoga Instructor
55022394,550,Yoga Instructor
55022395,550,Yoga Instructor
55022396,550,Yoga Instructor
55022397,550,Yoga Instructor
55022398,550,Yoga Instructor
55022399,550,Yoga Instructor
550223100,550,Yoga Instructor
550223101,550,Yoga Instructor
550223102,550,Yoga Instructor
550223103,550,Yoga Instructor
5511011,551,Manager
5511052,551,Customer Service
5511053,551,Customer Service
5511054,551,Customer Service
5511055,551,Customer Service
5511056,551,Customer Service
5511057,551,Customer Service
5511058,551,Customer Service
5511059,551,Customer Service
55110510,551,Customer Service
55110511,551,Customer Service
55110512,551,Customer Service
55110513,551,Customer Service
55110514,551,Customer Service
55110515,551,Customer Service
55110516,551,Customer Service
55110517,551,Customer Service
55110518,551,Customer Service
55110519,551,Customer Service
55110520,551,Customer Service
55110521,551,Customer Service
55123122,551,Fitness Instructor
55123123,551,Fitness Instructor
55123124,551,Fitness Instructor
55123125,551,Fitness Instructor
55123126,551,Fitness Instructor
55123127,551,Fitness Instructor
55123128,551,Fitness Instructor
55123129,551,Fitness Instructor
55123130,551,Fitness Instructor
55123131,551,Fitness Instructor
55123132,551,Fitness Instructor
55123133,551,Fitness Instructor
55123134,551,Fitness Instructor
55123135,551,Fitness Instructor
55123136,551,Fitness Instructor
55123137,551,Fitness Instructor
55123138,551,Fitness Instructor
55123139,551,Fitness Instructor
55123140,551,Fitness Instructor
55123141,551,Fitness Instructor
5521011,552,Manager
5521052,552,Customer Service
5521053,552,Customer Service
5521054,552,Customer Service
5521055,552,Customer Service
5521056,552,Customer Service
5521057,552,Customer Service
5521058,552,Customer Service
5521059,552,Customer Service
55210510,552,Customer Service
55210511,552,Customer Service
540131,540,Recruter
5401315,540,Recruter
547202105,547,Guest Service Representative
547202106,547,Guest Service Representative
547202107,547,Guest Service Representative
547202108,547,Guest Service Representative
547202109,547,Guest Service Representative
547202110,547,Guest Service Representative
547202111,547,Guest Service Representative
547202112,547,Guest Service Representative
547202113,547,Guest Service Representative
547202114,547,Guest Service Representative
547202115,547,Guest Service Representative
547202116,547,Guest Service Representative
547202117,547,Guest Service Representative
547202118,547,Guest Service Representative
547202119,547,Guest Service Representative
547202120,547,Guest Service Representative
547202121,547,Guest Service Representative
547202122,547,Guest Service Representative
547202123,547,Guest Service Representative
547202124,547,Guest Service Representative
547202125,547,Guest Service Representative
547202126,547,Guest Service Representative
547202127,547,Guest Service Representative
547202128,547,Guest Service Representative
547202129,547,Guest Service Representative
547202130,547,Guest Service Representative
547202131,547,Guest Service Representative
547202132,547,Guest Service Representative
547202133,547,Guest Service Representative
547105134,547,Customer Service
547105135,547,Customer Service
547105136,547,Customer Service
547105137,547,Customer Service
547105138,547,Customer Service
547105139,547,Customer Service
547105140,547,Customer Service
547105141,547,Customer Service
547105142,547,Customer Service
547105143,547,Customer Service
547105144,547,Customer Service
547105145,547,Customer Service
547105146,547,Customer Service
547105147,547,Customer Service
547105148,547,Customer Service
547105149,547,Customer Service
547105150,547,Customer Service
547105151,547,Customer Service
547105152,547,Customer Service
547105153,547,Customer Service
547105154,547,Customer Service
547105155,547,Customer Service
547105156,547,Customer Service
547105157,547,Customer Service
547105158,547,Customer Service
547105159,547,Customer Service
547105160,547,Customer Service
547105161,547,Customer Service
547105162,547,Customer Service
547105163,547,Customer Service
547105164,547,Customer Service
547105165,547,Customer Service
547105166,547,Customer Service
547105167,547,Customer Service
547105168,547,Customer Service
547105169,547,Customer Service
547105170,547,Customer Service
547105171,547,Customer Service
547105172,547,Customer Service
547105173,547,Customer Service
547105174,547,Customer Service
547105175,547,Customer Service
547105176,547,Customer Service
547105177,547,Customer Service
547105178,547,Customer Service
547105179,547,Customer Service
547105180,547,Customer Service
547105181,547,Customer Service
547105182,547,Customer Service
547105183,547,Customer Service
547105184,547,Customer Service
547105185,547,Customer Service
547105186,547,Customer Service
547105187,547,Customer Service
547105188,547,Customer Service
547105189,547,Customer Service
547105190,547,Customer Service
547105191,547,Customer Service
547105192,547,Customer Service
547105193,547,Customer Service
547105194,547,Customer Service
547105195,547,Customer Service
547105196,547,Customer Service
547105197,547,Customer Service
547105198,547,Customer Service
547105199,547,Customer Service
547105200,547,Customer Service
547105201,547,Customer Service
547105202,547,Customer Service
547105203,547,Customer Service
547105204,547,Customer Service
547105205,547,Customer Service
547105206,547,Customer Service
547105207,547,Customer Service
547105208,547,Customer Service
547105209,547,Customer Service
547105210,547,Customer Service
547105211,547,Customer Service
547105212,547,Customer Service
547105213,547,Customer Service
547105214,547,Customer Service
547105215,547,Customer Service
547105216,547,Customer Service
547105217,547,Customer Service
547105218,547,Customer Service
547105219,547,Customer Service
547105220,547,Customer Service
547105221,547,Customer Service
547105222,547,Customer Service
547105223,547,Customer Service
547105224,547,Customer Service
547105225,547,Customer Service
547105226,547,Customer Service
547105227,547,Customer Service
547105228,547,Customer Service
547105229,547,Customer Service
547105230,547,Customer Service
547105231,547,Customer Service
547105232,547,Customer Service
547105233,547,Customer Service
5481011,548,Manager
5481022,548,Semi-Manager
5481033,548,Secretary
5482114,548,Server
5482115,548,Server
5482116,548,Server
5482117,548,Server
5482118,548,Server
5482119,548,Server
54821110,548,Server
54821111,548,Server
54821112,548,Server
54821113,548,Server
54821114,548,Server
54821115,548,Server
54821116,548,Server
54821117,548,Server
54821118,548,Server
54821119,548,Server
54821120,548,Server
54821121,548,Server
54821122,548,Server
54821123,548,Server
54821124,548,Server
54821125,548,Server
54821126,548,Server
54821127,548,Server
54821128,548,Server
54821129,548,Server
54821130,548,Server
54821131,548,Server
54821132,548,Server
54821133,548,Server
54821134,548,Server
54821135,548,Server
54821136,548,Server
54821137,548,Server
54821138,548,Server
54821139,548,Server
54821140,548,Server
54821141,548,Server
54821142,548,Server
54821143,548,Server
54821144,548,Server
54821145,548,Server
54821146,548,Server
54821147,548,Server
54821148,548,Server
54821149,548,Server
54821150,548,Server
54821151,548,Server
54821152,548,Server
54821153,548,Server
54821154,548,Server
54821155,548,Server
54821156,548,Server
54821157,548,Server
54821158,548,Server
54821159,548,Server
54821160,548,Server
54821161,548,Server
54821162,548,Server
54821163,548,Server
54821164,548,Server
54821165,548,Server
54821166,548,Server
54821167,548,Server
54821168,548,Server
54821169,548,Server
54821170,548,Server
54821171,548,Server
54821172,548,Server
54821173,548,Server
54821274,548,Storekeeper
54821275,548,Storekeeper
54821276,548,Storekeeper
54821277,548,Storekeeper
54821278,548,Storekeeper
54821279,548,Storekeeper
54821280,548,Storekeeper
54821281,548,Storekeeper
54821282,548,Storekeeper
54821283,548,Storekeeper
54821284,548,Storekeeper
54821285,548,Storekeeper
54821286,548,Storekeeper
54821287,548,Storekeeper
54821288,548,Storekeeper
54821289,548,Storekeeper
54821290,548,Storekeeper
54821291,548,Storekeeper
54821292,548,Storekeeper
54821293,548,Storekeeper
54821294,548,Storekeeper
54821295,548,Storekeeper
54821296,548,Storekeeper
54821297,548,Storekeeper
54821298,548,Storekeeper
54821299,548,Storekeeper
548212100,548,Storekeeper
548212101,548,Storekeeper
548212102,548,Storekeeper
548212103,548,Storekeeper
548212104,548,Storekeeper
548212105,548,Storekeeper
548212106,548,Storekeeper
548212107,548,Storekeeper
548212108,548,Storekeeper
548212109,548,Storekeeper
548212110,548,Storekeeper
548212111,548,Storekeeper
546195207,546,Bartender
546195208,546,Bartender
546195209,546,Bartender
546195210,546,Bartender
546195211,546,Bartender
546195212,546,Bartender
546195213,546,Bartender
546195214,546,Bartender
546195215,546,Bartender
546195216,546,Bartender
546195217,546,Bartender
546195218,546,Bartender
546195219,546,Bartender
5471011,547,Manager
5471022,547,Semi-Manager
5471033,547,Secretary
5472014,547,Bellboy
5472015,547,Bellboy
5472016,547,Bellboy
5472017,547,Bellboy
5472018,547,Bellboy
5472019,547,Bellboy
54720110,547,Bellboy
54720111,547,Bellboy
54720112,547,Bellboy
54720113,547,Bellboy
54720114,547,Bellboy
54720115,547,Bellboy
54720116,547,Bellboy
54720117,547,Bellboy
54720118,547,Bellboy
54720119,547,Bellboy
54720120,547,Bellboy
54720121,547,Bellboy
54720122,547,Bellboy
54720123,547,Bellboy
54720124,547,Bellboy
54720125,547,Bellboy
54720126,547,Bellboy
54720127,547,Bellboy
54720128,547,Bellboy
54720129,547,Bellboy
54720130,547,Bellboy
54720131,547,Bellboy
54720132,547,Bellboy
54720133,547,Bellboy
54720134,547,Bellboy
54720135,547,Bellboy
54720136,547,Bellboy
54720137,547,Bellboy
54720138,547,Bellboy
54720139,547,Bellboy
54720140,547,Bellboy
54720141,547,Bellboy
54720142,547,Bellboy
54720143,547,Bellboy
54720144,547,Bellboy
54720145,547,Bellboy
54720146,547,Bellboy
54720147,547,Bellboy
54720148,547,Bellboy
54720149,547,Bellboy
54720150,547,Bellboy
54720151,547,Bellboy
54720152,547,Bellboy
54720153,547,Bellboy
54720154,547,Bellboy
54720155,547,Bellboy
54720156,547,Bellboy
54720157,547,Bellboy
54720158,547,Bellboy
54720159,547,Bellboy
54720160,547,Bellboy
54720161,547,Bellboy
54720162,547,Bellboy
54720163,547,Bellboy
54720164,547,Bellboy
54720165,547,Bellboy
54720166,547,Bellboy
54720167,547,Bellboy
54720168,547,Bellboy
54720169,547,Bellboy
54720170,547,Bellboy
54720171,547,Bellboy
54720172,547,Bellboy
54720173,547,Bellboy
54720174,547,Bellboy
54720175,547,Bellboy
54720176,547,Bellboy
54720177,547,Bellboy
54720178,547,Bellboy
54720179,547,Bellboy
54720180,547,Bellboy
54720181,547,Bellboy
54720182,547,Bellboy
54720183,547,Bellboy
54720184,547,Bellboy
54720185,547,Bellboy
54720186,547,Bellboy
54720187,547,Bellboy
54720188,547,Bellboy
54720189,547,Bellboy
54720190,547,Bellboy
54720191,547,Bellboy
54720192,547,Bellboy
54720193,547,Bellboy
54720194,547,Bellboy
54720195,547,Bellboy
54720196,547,Bellboy
54720197,547,Bellboy
54720198,547,Bellboy
54720199,547,Bellboy
547201100,547,Bellboy
547201101,547,Bellboy
547201102,547,Bellboy
547201103,547,Bellboy
547202104,547,Guest Service Representative
