departId,profId,profTitle
540,101,Manager
540,102,Semi-Manager
540,103,Secretary
540,131,Recruter
540,103,Lawyer
541,101,Manager
541,102,Semi-Manager
541,103,Secretary
541,133,Social Media Specialist
541,133,Social Media Specialist
541,133,Social Media Specialist
541,132,Sales Force
541,132,Sales Force
541,132,Sales Force
541,132,Sales Force
541,132,Sales Force
541,132,Sales Force
541,132,Sales Force
541,132,Sales Force
541,132,Sales Force
541,132,Sales Force
541,132,Sales Force
541,132,Sales Force
541,132,Sales Force
541,132,Sales Force
541,132,Sales Force
541,132,Sales Force
541,132,Sales Force
541,132,Sales Force
541,132,Sales Force
541,132,Sales Force
541,132,Sales Force
541,132,Sales Force
541,132,Sales Force
541,132,Sales Force
541,132,Sales Force
541,132,Sales Force
541,132,Sales Force
541,132,Sales Force
541,132,Sales Force
541,132,Sales Force
541,132,Sales Force
541,132,Sales Force
541,132,Sales Force
541,132,Sales Force
541,132,Sales Force
541,132,Sales Force
541,132,Sales Force
541,132,Sales Force
541,132,Sales Force
541,132,Sales Force
541,132,Sales Force
541,132,Sales Force
541,132,Sales Force
541,132,Sales Force
541,132,Sales Force
541,132,Sales Force
541,132,Sales Force
541,132,Sales Force
541,132,Sales Force
541,132,Sales Force
541,132,Sales Force
541,132,Sales Force
541,132,Sales Force
541,132,Sales Force
541,132,Sales Force
541,132,Sales Force
541,132,Sales Force
541,132,Sales Force
541,132,Sales Force
541,132,Sales Force
541,132,Sales Force
541,132,Sales Force
541,132,Sales Force
541,132,Sales Force
541,132,Sales Force
541,132,Sales Force
541,132,Sales Force
541,132,Sales Force
541,132,Sales Force
541,132,Sales Force
541,132,Sales Force
541,132,Sales Force
541,132,Sales Force
541,132,Sales Force
541,132,Sales Force
541,132,Sales Force
541,132,Sales Force
541,132,Sales Force
541,132,Sales Force
541,132,Sales Force
541,132,Sales Force
541,132,Sales Force
541,132,Sales Force
541,132,Sales Force
541,132,Sales Force
541,132,Sales Force
541,132,Sales Force
541,132,Sales Force
542,101,Manager
542,102,Semi-Manager
542,103,Secretary
542,151,Accountant
542,151,Accountant
542,151,Accountant
542,151,Accountant
542,151,Accountant
542,151,Accountant
542,151,Accountant
542,151,Accountant
542,151,Accountant
542,151,Accountant
542,152,Account Executive
542,152,Account Executive
542,152,Account Executive
542,152,Account Executive
542,104,Lawyer
542,104,Lawyer
542,104,Lawyer
542,104,Lawyer
542,104,Lawyer
542,153,Financial Analyst
542,153,Financial Analyst
542,153,Financial Analyst
542,153,Financial Analyst
542,153,Financial Analyst
543,101,Manager
543,102,Semi-Manager
543,103,Secretary
543,105,Customer Service
543,105,Customer Service
543,105,Customer Service
543,105,Customer Service
543,105,Customer Service
543,105,Customer Service
543,105,Customer Service
543,105,Customer Service
543,105,Customer Service
543,105,Customer Service
543,105,Customer Service
543,105,Customer Service
543,105,Customer Service
543,105,Customer Service
543,105,Customer Service
543,105,Customer Service
543,105,Customer Service
543,105,Customer Service
543,105,Customer Service
543,105,Customer Service
543,105,Customer Service
543,105,Customer Service
543,105,Customer Service
543,105,Customer Service
543,105,Customer Service
543,105,Customer Service
543,105,Customer Service
543,105,Customer Service
543,105,Customer Service
543,105,Customer Service
543,105,Customer Service
543,105,Customer Service
543,105,Customer Service
543,105,Customer Service
543,105,Customer Service
543,105,Customer Service
543,105,Customer Service
543,105,Customer Service
543,105,Customer Service
543,105,Customer Service
543,161,IT Specialist
543,161,IT Specialist
543,161,IT Specialist
543,161,IT Specialist
543,161,IT Specialist
543,161,IT Specialist
543,161,IT Specialist
543,161,IT Specialist
543,161,IT Specialist
543,161,IT Specialist
543,161,IT Specialist
543,161,IT Specialist
543,161,IT Specialist
543,161,IT Specialist
543,161,IT Specialist
543,161,IT Specialist
543,161,IT Specialist
543,161,IT Specialist
543,161,IT Specialist
543,161,IT Specialist
543,161,IT Specialist
543,161,IT Specialist
543,161,IT Specialist
543,161,IT Specialist
543,161,IT Specialist
543,161,IT Specialist
543,161,IT Specialist
543,161,IT Specialist
543,161,IT Specialist
543,161,IT Specialist
543,161,IT Specialist
543,161,IT Specialist
543,161,IT Specialist
543,161,IT Specialist
543,161,IT Specialist
543,161,IT Specialist
543,161,IT Specialist
543,161,IT Specialist
543,161,IT Specialist
543,161,IT Specialist
543,161,IT Specialist
543,161,IT Specialist
543,161,IT Specialist
543,161,IT Specialist
543,161,IT Specialist
543,161,IT Specialist
543,161,IT Specialist
543,161,IT Specialist
543,161,IT Specialist
543,161,IT Specialist
543,161,IT Specialist
543,161,IT Specialist
543,161,IT Specialist
543,161,IT Specialist
543,161,IT Specialist
543,162,Network Administrator
543,162,Network Administrator
543,162,Network Administrator
543,162,Network Administrator
543,162,Network Administrator
543,162,Network Administrator
543,162,Network Administrator
543,162,Network Administrator
543,162,Network Administrator
543,162,Network Administrator
543,163,Frontend Developer
543,164,Backend Developer
543,165,UX/UI Designer
543,166,Cloud Administrator 
544,101,Manager
544,102,Semi-Manager
544,103,Secretary
544,104,Lawyer
544,104,Lawyer
544,104,Lawyer
544,171,Security Guard
544,171,Security Guard
544,171,Security Guard
544,171,Security Guard
544,171,Security Guard
544,171,Security Guard
544,171,Security Guard
544,171,Security Guard
544,171,Security Guard
544,171,Security Guard
544,171,Security Guard
544,171,Security Guard
544,171,Security Guard
544,171,Security Guard
544,171,Security Guard
544,171,Security Guard
544,171,Security Guard
544,171,Security Guard
544,171,Security Guard
544,171,Security Guard
544,171,Security Guard
544,171,Security Guard
544,171,Security Guard
544,171,Security Guard
544,171,Security Guard
544,171,Security Guard
544,171,Security Guard
544,171,Security Guard
544,171,Security Guard
544,171,Security Guard
544,171,Security Guard
544,171,Security Guard
544,171,Security Guard
544,171,Security Guard
544,171,Security Guard
544,171,Security Guard
544,171,Security Guard
544,171,Security Guard
544,171,Security Guard
544,171,Security Guard
544,171,Security Guard
544,171,Security Guard
544,171,Security Guard
544,171,Security Guard
544,171,Security Guard
544,171,Security Guard
544,171,Security Guard
544,171,Security Guard
544,171,Security Guard
544,171,Security Guard
544,171,Security Guard
544,171,Security Guard
544,171,Security Guard
544,171,Security Guard
544,171,Security Guard
544,171,Security Guard
544,171,Security Guard
544,171,Security Guard
544,171,Security Guard
544,171,Security Guard
545,101,Manager
545,102,Semi-Manager
545,103,Secretary
545,181,Housekeeper
545,181,Housekeeper
545,181,Housekeeper
545,181,Housekeeper
545,181,Housekeeper
545,181,Housekeeper
545,181,Housekeeper
545,181,Housekeeper
545,181,Housekeeper
545,181,Housekeeper
545,181,Housekeeper
545,181,Housekeeper
545,181,Housekeeper
545,181,Housekeeper
545,181,Housekeeper
545,181,Housekeeper
545,181,Housekeeper
545,181,Housekeeper
545,181,Housekeeper
545,181,Housekeeper
545,181,Housekeeper
545,181,Housekeeper
545,181,Housekeeper
545,181,Housekeeper
545,181,Housekeeper
545,181,Housekeeper
545,181,Housekeeper
545,181,Housekeeper
545,181,Housekeeper
545,181,Housekeeper
545,181,Housekeeper
545,181,Housekeeper
545,181,Housekeeper
545,181,Housekeeper
545,181,Housekeeper
545,181,Housekeeper
545,181,Housekeeper
545,181,Housekeeper
545,181,Housekeeper
545,181,Housekeeper
545,181,Housekeeper
545,181,Housekeeper
545,181,Housekeeper
545,181,Housekeeper
545,181,Housekeeper
545,181,Housekeeper
545,181,Housekeeper
545,181,Housekeeper
545,181,Housekeeper
545,181,Housekeeper
545,181,Housekeeper
545,181,Housekeeper
545,181,Housekeeper
545,181,Housekeeper
545,181,Housekeeper
545,181,Housekeeper
545,181,Housekeeper
545,181,Housekeeper
545,181,Housekeeper
545,181,Housekeeper
545,181,Housekeeper
545,181,Housekeeper
545,181,Housekeeper
545,181,Housekeeper
545,181,Housekeeper
545,181,Housekeeper
545,181,Housekeeper
545,181,Housekeeper
545,181,Housekeeper
545,181,Housekeeper
545,181,Housekeeper
545,181,Housekeeper
545,181,Housekeeper
545,181,Housekeeper
545,181,Housekeeper
545,181,Housekeeper
545,181,Housekeeper
545,181,Housekeeper
545,181,Housekeeper
545,181,Housekeeper
545,181,Housekeeper
545,181,Housekeeper
545,181,Housekeeper
545,181,Housekeeper
545,181,Housekeeper
545,181,Housekeeper
545,181,Housekeeper
545,181,Housekeeper
545,181,Housekeeper
545,181,Housekeeper
545,181,Housekeeper
545,181,Housekeeper
545,181,Housekeeper
545,181,Housekeeper
545,181,Housekeeper
545,181,Housekeeper
545,181,Housekeeper
545,181,Housekeeper
545,181,Housekeeper
545,181,Housekeeper
545,181,Housekeeper
545,181,Housekeeper
545,181,Housekeeper
545,181,Housekeeper
545,181,Housekeeper
545,181,Housekeeper
545,181,Housekeeper
545,181,Housekeeper
545,181,Housekeeper
545,181,Housekeeper
545,181,Housekeeper
545,181,Housekeeper
545,181,Housekeeper
545,181,Housekeeper
545,181,Housekeeper
545,181,Housekeeper
545,181,Housekeeper
545,181,Housekeeper
545,181,Housekeeper
545,181,Housekeeper
545,181,Housekeeper
545,181,Housekeeper
545,181,Housekeeper
545,181,Housekeeper
545,181,Housekeeper
545,181,Housekeeper
545,181,Housekeeper
545,181,Housekeeper
545,181,Housekeeper
545,181,Housekeeper
545,181,Housekeeper
545,181,Housekeeper
545,181,Housekeeper
545,181,Housekeeper
545,181,Housekeeper
545,181,Housekeeper
545,181,Housekeeper
545,181,Housekeeper
545,181,Housekeeper
545,181,Housekeeper
545,181,Housekeeper
545,181,Housekeeper
545,181,Housekeeper
545,181,Housekeeper
545,181,Housekeeper
545,181,Housekeeper
545,181,Housekeeper
545,181,Housekeeper
545,181,Housekeeper
545,181,Housekeeper
545,181,Housekeeper
545,181,Housekeeper
545,181,Housekeeper
545,181,Housekeeper
545,181,Housekeeper
545,181,Housekeeper
545,181,Housekeeper
545,181,Housekeeper
545,181,Housekeeper
545,181,Housekeeper
545,181,Housekeeper
545,181,Housekeeper
545,181,Housekeeper
545,181,Housekeeper
545,181,Housekeeper
545,181,Housekeeper
545,181,Housekeeper
545,181,Housekeeper
545,181,Housekeeper
545,181,Housekeeper
545,181,Housekeeper
545,181,Housekeeper
545,181,Housekeeper
545,181,Housekeeper
545,181,Housekeeper
545,181,Housekeeper
545,181,Housekeeper
545,181,Housekeeper
545,181,Housekeeper
545,181,Housekeeper
545,181,Housekeeper
545,181,Housekeeper
545,181,Housekeeper
545,181,Housekeeper
545,181,Housekeeper
545,181,Housekeeper
545,181,Housekeeper
545,181,Housekeeper
545,181,Housekeeper
545,181,Housekeeper
545,181,Housekeeper
545,181,Housekeeper
545,181,Housekeeper
545,181,Housekeeper
545,181,Housekeeper
545,181,Housekeeper
545,181,Housekeeper
545,181,Housekeeper
545,181,Housekeeper
545,181,Housekeeper
545,181,Housekeeper
545,181,Housekeeper
545,181,Housekeeper
545,181,Housekeeper
545,181,Housekeeper
545,181,Housekeeper
545,181,Housekeeper
545,181,Housekeeper
545,181,Housekeeper
545,181,Housekeeper
545,181,Housekeeper
545,181,Housekeeper
545,181,Housekeeper
545,181,Housekeeper
545,181,Housekeeper
545,181,Housekeeper
545,181,Housekeeper
545,181,Housekeeper
545,181,Housekeeper
545,181,Housekeeper
545,181,Housekeeper
545,181,Housekeeper
545,181,Housekeeper
545,181,Housekeeper
545,181,Housekeeper
545,181,Housekeeper
545,181,Housekeeper
545,181,Housekeeper
545,181,Housekeeper
545,181,Housekeeper
545,181,Housekeeper
545,181,Housekeeper
545,181,Housekeeper
545,181,Housekeeper
545,181,Housekeeper
545,181,Housekeeper
545,181,Housekeeper
545,181,Housekeeper
545,181,Housekeeper
545,181,Housekeeper
545,181,Housekeeper
545,181,Housekeeper
545,106,Cleaner
545,106,Cleaner
545,106,Cleaner
545,106,Cleaner
545,106,Cleaner
545,106,Cleaner
545,106,Cleaner
545,106,Cleaner
545,106,Cleaner
545,106,Cleaner
545,106,Cleaner
545,106,Cleaner
545,106,Cleaner
545,106,Cleaner
545,106,Cleaner
545,106,Cleaner
545,106,Cleaner
545,106,Cleaner
545,106,Cleaner
545,106,Cleaner
545,106,Cleaner
545,106,Cleaner
545,106,Cleaner
545,106,Cleaner
545,106,Cleaner
545,106,Cleaner
545,106,Cleaner
545,106,Cleaner
545,106,Cleaner
545,106,Cleaner
545,106,Cleaner
545,106,Cleaner
545,106,Cleaner
545,106,Cleaner
545,106,Cleaner
545,106,Cleaner
545,106,Cleaner
545,106,Cleaner
545,106,Cleaner
545,106,Cleaner
545,106,Cleaner
545,106,Cleaner
545,106,Cleaner
545,106,Cleaner
545,106,Cleaner
545,106,Cleaner
545,106,Cleaner
545,106,Cleaner
545,106,Cleaner
545,106,Cleaner
545,106,Cleaner
545,106,Cleaner
545,106,Cleaner
545,106,Cleaner
545,106,Cleaner
545,106,Cleaner
545,106,Cleaner
545,106,Cleaner
545,106,Cleaner
545,106,Cleaner
545,106,Cleaner
545,106,Cleaner
545,106,Cleaner
545,106,Cleaner
545,106,Cleaner
545,106,Cleaner
545,106,Cleaner
545,106,Cleaner
545,106,Cleaner
545,106,Cleaner
545,106,Cleaner
545,106,Cleaner
545,106,Cleaner
545,106,Cleaner
545,106,Cleaner
545,106,Cleaner
545,106,Cleaner
545,106,Cleaner
545,106,Cleaner
545,106,Cleaner
545,106,Cleaner
545,106,Cleaner
545,106,Cleaner
545,106,Cleaner
545,106,Cleaner
545,106,Cleaner
545,106,Cleaner
545,106,Cleaner
545,106,Cleaner
545,106,Cleaner
545,106,Cleaner
545,106,Cleaner
545,106,Cleaner
545,106,Cleaner
545,106,Cleaner
545,106,Cleaner
545,106,Cleaner
545,106,Cleaner
545,106,Cleaner
545,106,Cleaner
545,106,Cleaner
545,106,Cleaner
545,106,Cleaner
545,106,Cleaner
545,106,Cleaner
545,106,Cleaner
545,106,Cleaner
545,106,Cleaner
545,106,Cleaner
545,106,Cleaner
545,106,Cleaner
545,106,Cleaner
545,106,Cleaner
545,106,Cleaner
545,106,Cleaner
545,106,Cleaner
545,106,Cleaner
545,106,Cleaner
545,106,Cleaner
545,106,Cleaner
545,106,Cleaner
545,106,Cleaner
545,106,Cleaner
545,106,Cleaner
545,106,Cleaner
545,106,Cleaner
545,106,Cleaner
545,106,Cleaner
545,106,Cleaner
545,106,Cleaner
545,106,Cleaner
545,106,Cleaner
545,106,Cleaner
545,106,Cleaner
545,106,Cleaner
545,106,Cleaner
545,106,Cleaner
545,106,Cleaner
545,106,Cleaner
545,106,Cleaner
545,106,Cleaner
545,106,Cleaner
545,106,Cleaner
545,106,Cleaner
545,106,Cleaner
545,106,Cleaner
545,106,Cleaner
545,106,Cleaner
545,106,Cleaner
545,106,Cleaner
545,106,Cleaner
545,106,Cleaner
545,106,Cleaner
545,106,Cleaner
545,106,Cleaner
545,106,Cleaner
545,106,Cleaner
545,106,Cleaner
545,106,Cleaner
545,106,Cleaner
545,106,Cleaner
545,106,Cleaner
545,106,Cleaner
545,106,Cleaner
545,106,Cleaner
545,106,Cleaner
545,106,Cleaner
545,106,Cleaner
545,106,Cleaner
545,106,Cleaner
545,106,Cleaner
545,106,Cleaner
545,106,Cleaner
545,106,Cleaner
545,106,Cleaner
545,106,Cleaner
545,106,Cleaner
545,106,Cleaner
545,106,Cleaner
545,106,Cleaner
545,106,Cleaner
545,106,Cleaner
545,106,Cleaner
545,106,Cleaner
545,106,Cleaner
545,106,Cleaner
545,106,Cleaner
545,106,Cleaner
545,106,Cleaner
545,106,Cleaner
545,106,Cleaner
545,106,Cleaner
545,106,Cleaner
545,106,Cleaner
545,106,Cleaner
545,106,Cleaner
545,106,Cleaner
545,106,Cleaner
545,106,Cleaner
545,106,Cleaner
545,106,Cleaner
545,106,Cleaner
545,106,Cleaner
545,106,Cleaner
545,106,Cleaner
545,106,Cleaner
545,106,Cleaner
545,106,Cleaner
545,106,Cleaner
545,106,Cleaner
545,106,Cleaner
545,106,Cleaner
545,106,Cleaner
545,106,Cleaner
545,106,Cleaner
545,106,Cleaner
545,106,Cleaner
545,106,Cleaner
545,106,Cleaner
545,106,Cleaner
545,106,Cleaner
545,106,Cleaner
545,106,Cleaner
545,106,Cleaner
545,106,Cleaner
545,106,Cleaner
545,106,Cleaner
545,106,Cleaner
545,106,Cleaner
545,106,Cleaner
545,106,Cleaner
545,106,Cleaner
545,106,Cleaner
545,106,Cleaner
545,106,Cleaner
545,106,Cleaner
545,106,Cleaner
545,106,Cleaner
545,106,Cleaner
545,106,Cleaner
545,106,Cleaner
545,106,Cleaner
546,101,Manager
546,102,Semi-Manager
546,103,Secretary
546,191,Chef
546,191,Chef
546,191,Chef
546,191,Chef
546,191,Chef
546,191,Chef
546,191,Chef
546,191,Chef
546,191,Chef
546,191,Chef
546,191,Chef
546,191,Chef
546,191,Chef
546,191,Chef
546,191,Chef
546,191,Chef
546,191,Chef
546,191,Chef
546,191,Chef
546,191,Chef
546,191,Chef
546,191,Chef
546,191,Chef
546,191,Chef
546,191,Chef
546,191,Chef
546,191,Chef
546,191,Chef
546,191,Chef
546,191,Chef
546,191,Chef
546,191,Chef
546,191,Chef
546,192,Sous-Chef
546,192,Sous-Chef
546,192,Sous-Chef
546,192,Sous-Chef
546,192,Sous-Chef
546,192,Sous-Chef
546,192,Sous-Chef
546,192,Sous-Chef
546,192,Sous-Chef
546,192,Sous-Chef
546,192,Sous-Chef
546,192,Sous-Chef
546,192,Sous-Chef
546,192,Sous-Chef
546,192,Sous-Chef
546,192,Sous-Chef
546,192,Sous-Chef
546,192,Sous-Chef
546,192,Sous-Chef
546,192,Sous-Chef
546,192,Sous-Chef
546,192,Sous-Chef
546,192,Sous-Chef
546,192,Sous-Chef
546,192,Sous-Chef
546,192,Sous-Chef
546,192,Sous-Chef
546,192,Sous-Chef
546,192,Sous-Chef
546,192,Sous-Chef
546,192,Sous-Chef
546,192,Sous-Chef
546,192,Sous-Chef
546,193,Waiters
546,193,Waiters
546,193,Waiters
546,193,Waiters
546,193,Waiters
546,193,Waiters
546,193,Waiters
546,193,Waiters
546,193,Waiters
546,193,Waiters
546,193,Waiters
546,193,Waiters
546,193,Waiters
546,193,Waiters
546,193,Waiters
546,193,Waiters
546,193,Waiters
546,193,Waiters
546,193,Waitersf
546,193,Waiters
546,193,Waiters
546,193,Waiters
546,193,Waiters
546,193,Waiters
546,193,Waiters
546,193,Waiters
546,193,Waiters
546,193,Waiters
546,193,Waiters
546,193,Waiters
546,193,Waiters
546,193,Waiters
546,193,Waiters
546,193,Waiters
546,193,Waiters
546,193,Waiters
546,193,Waiters
546,193,Waiters
546,193,Waiters
546,193,Waiters
546,193,Waiters
546,193,Waiters
546,193,Waiters
546,193,Waiters
546,193,Waiters
546,193,Waiters
546,193,Waiters
546,193,Waiters
546,193,Waiters
546,193,Waiters
546,193,Waiters
546,193,Waiters
546,193,Waiters
546,193,Waiters
546,193,Waiters
546,193,Waiters
546,193,Waiters
546,193,Waiters
546,193,Waiters
546,193,Waiters
546,193,Waiters
546,193,Waiters
546,193,Waiters
546,193,Waiters
546,193,Waiters
546,193,Waiters
546,193,Waiters
546,193,Waiters
546,193,Waiters
546,193,Waiters
546,193,Waiters
546,193,Waiters
546,193,Waiters
546,193,Waiters
546,193,Waiters
546,193,Waiters
546,193,Waiters
546,193,Waiters
546,193,Waiters
546,193,Waiters
546,106,Cleaner
546,106,Cleaner
546,106,Cleaner
546,106,Cleaner
546,106,Cleaner
546,106,Cleaner
546,106,Cleaner
546,106,Cleaner
546,106,Cleaner
546,106,Cleaner
546,106,Cleaner
546,106,Cleaner
546,106,Cleaner
546,106,Cleaner
546,106,Cleaner
546,106,Cleaner
546,106,Cleaner
546,106,Cleaner
546,106,Cleaner
546,106,Cleaner
546,106,Cleaner
546,106,Cleaner
546,106,Cleaner
546,106,Cleaner
546,106,Cleaner
546,106,Cleaner
546,106,Cleaner
546,106,Cleaner
546,106,Cleaner
546,106,Cleaner
546,106,Cleaner
546,106,Cleaner
546,106,Cleaner
546,106,Cleaner
546,106,Cleaner
546,106,Cleaner
546,106,Cleaner
546,106,Cleaner
546,106,Cleaner
546,106,Cleaner
546,194,Line Cook
546,194,Line Cook
546,194,Line Cook
546,194,Line Cook
546,194,Line Cook
546,194,Line Cook
546,194,Line Cook
546,194,Line Cook
546,194,Line Cook
546,194,Line Cook
546,195,Bartender
546,195,Bartender
546,195,Bartender
546,195,Bartender
546,195,Bartender
546,195,Bartender
546,195,Bartender
546,195,Bartender
546,195,Bartender
546,195,Bartender
546,195,Bartender
546,195,Bartender
546,195,Bartender
546,195,Bartender
546,195,Bartender
546,195,Bartender
546,195,Bartender
546,195,Bartender
546,195,Bartender
546,195,Bartender
547,101,Manager
547,102,Semi-Manager
547,103,Secretary
547,201,Bellboy
547,201,Bellboy
547,201,Bellboy
547,201,Bellboy
547,201,Bellboy
547,201,Bellboy
547,201,Bellboy
547,201,Bellboy
547,201,Bellboy
547,201,Bellboy
547,201,Bellboy
547,201,Bellboy
547,201,Bellboy
547,201,Bellboy
547,201,Bellboy
547,201,Bellboy
547,201,Bellboy
547,201,Bellboy
547,201,Bellboy
547,201,Bellboy
547,201,Bellboy
547,201,Bellboy
547,201,Bellboy
547,201,Bellboy
547,201,Bellboy
547,201,Bellboy
547,201,Bellboy
547,201,Bellboy
547,201,Bellboy
547,201,Bellboy
547,201,Bellboy
547,201,Bellboy
547,201,Bellboy
547,201,Bellboy
547,201,Bellboy
547,201,Bellboy
547,201,Bellboy
547,201,Bellboy
547,201,Bellboy
547,201,Bellboy
547,201,Bellboy
547,201,Bellboy
547,201,Bellboy
547,201,Bellboy
547,201,Bellboy
547,201,Bellboy
547,201,Bellboy
547,201,Bellboy
547,201,Bellboy
547,201,Bellboy
547,201,Bellboy
547,201,Bellboy
547,201,Bellboy
547,201,Bellboy
547,201,Bellboy
547,201,Bellboy
547,201,Bellboy
547,201,Bellboy
547,201,Bellboy
547,201,Bellboy
547,201,Bellboy
547,201,Bellboy
547,201,Bellboy
547,201,Bellboy
547,201,Bellboy
547,201,Bellboy
547,201,Bellboy
547,201,Bellboy
547,201,Bellboy
547,201,Bellboy
547,201,Bellboy
547,201,Bellboy
547,201,Bellboy
547,201,Bellboy
547,201,Bellboy
547,201,Bellboy
547,201,Bellboy
547,201,Bellboy
547,201,Bellboy
547,201,Bellboy
547,201,Bellboy
547,201,Bellboy
547,201,Bellboy
547,201,Bellboy
547,201,Bellboy
547,201,Bellboy
547,201,Bellboy
547,201,Bellboy
547,201,Bellboy
547,201,Bellboy
547,201,Bellboy
547,201,Bellboy
547,201,Bellboy
547,201,Bellboy
547,201,Bellboy
547,201,Bellboy
547,201,Bellboy
547,201,Bellboy
547,201,Bellboy
547,201,Bellboy
547,202,Guest Service Representative
547,202,Guest Service Representative
547,202,Guest Service Representative
547,202,Guest Service Representative
547,202,Guest Service Representative
547,202,Guest Service Representative
547,202,Guest Service Representative
547,202,Guest Service Representative
547,202,Guest Service Representative
547,202,Guest Service Representative
547,202,Guest Service Representative
547,202,Guest Service Representative
547,202,Guest Service Representative
547,202,Guest Service Representative
547,202,Guest Service Representative
547,202,Guest Service Representative
547,202,Guest Service Representative
547,202,Guest Service Representative
547,202,Guest Service Representative
547,202,Guest Service Representative
547,202,Guest Service Representative
547,202,Guest Service Representative
547,202,Guest Service Representative
547,202,Guest Service Representative
547,202,Guest Service Representative
547,202,Guest Service Representative
547,202,Guest Service Representative
547,202,Guest Service Representative
547,202,Guest Service Representative
547,202,Guest Service Representative
547,105,Customer Service
547,105,Customer Service
547,105,Customer Service
547,105,Customer Service
547,105,Customer Service
547,105,Customer Service
547,105,Customer Service
547,105,Customer Service
547,105,Customer Service
547,105,Customer Service
547,105,Customer Service
547,105,Customer Service
547,105,Customer Service
547,105,Customer Service
547,105,Customer Service
547,105,Customer Service
547,105,Customer Service
547,105,Customer Service
547,105,Customer Service
547,105,Customer Service
547,105,Customer Service
547,105,Customer Service
547,105,Customer Service
547,105,Customer Service
547,105,Customer Service
547,105,Customer Service
547,105,Customer Service
547,105,Customer Service
547,105,Customer Service
547,105,Customer Service
547,105,Customer Service
547,105,Customer Service
547,105,Customer Service
547,105,Customer Service
547,105,Customer Service
547,105,Customer Service
547,105,Customer Service
547,105,Customer Service
547,105,Customer Service
547,105,Customer Service
547,105,Customer Service
547,105,Customer Service
547,105,Customer Service
547,105,Customer Service
547,105,Customer Service
547,105,Customer Service
547,105,Customer Service
547,105,Customer Service
547,105,Customer Service
547,105,Customer Service
547,105,Customer Service
547,105,Customer Service
547,105,Customer Service
547,105,Customer Service
547,105,Customer Service
547,105,Customer Service
547,105,Customer Service
547,105,Customer Service
547,105,Customer Service
547,105,Customer Service
547,105,Customer Service
547,105,Customer Service
547,105,Customer Service
547,105,Customer Service
547,105,Customer Service
547,105,Customer Service
547,105,Customer Service
547,105,Customer Service
547,105,Customer Service
547,105,Customer Service
547,105,Customer Service
547,105,Customer Service
547,105,Customer Service
547,105,Customer Service
547,105,Customer Service
547,105,Customer Service
547,105,Customer Service
547,105,Customer Service
547,105,Customer Service
547,105,Customer Service
547,105,Customer Service
547,105,Customer Service
547,105,Customer Service
547,105,Customer Service
547,105,Customer Service
547,105,Customer Service
547,105,Customer Service
547,105,Customer Service
547,105,Customer Service
547,105,Customer Service
547,105,Customer Service
547,105,Customer Service
547,105,Customer Service
547,105,Customer Service
547,105,Customer Service
547,105,Customer Service
547,105,Customer Service
547,105,Customer Service
547,105,Customer Service
547,105,Customer Service
548,101,Manager
548,102,Semi-Manager
548,103,Secretary
548,211,Server
548,211,Server
548,211,Server
548,211,Server
548,211,Server
548,211,Server
548,211,Server
548,211,Server
548,211,Server
548,211,Server
548,211,Server
548,211,Server
548,211,Server
548,211,Server
548,211,Server
548,211,Server
548,211,Server
548,211,Server
548,211,Server
548,211,Server
548,211,Server
548,211,Server
548,211,Server
548,211,Server
548,211,Server
548,211,Server
548,211,Server
548,211,Server
548,211,Server
548,211,Server
548,211,Server
548,211,Server
548,211,Server
548,211,Server
548,211,Server
548,211,Server
548,211,Server
548,211,Server
548,211,Server
548,211,Server
548,211,Server
548,211,Server
548,211,Server
548,211,Server
548,211,Server
548,211,Server
548,211,Server
548,211,Server
548,211,Server
548,211,Server
548,211,Server
548,211,Server
548,211,Server
548,211,Server
548,211,Server
548,211,Server
548,211,Server
548,211,Server
548,211,Server
548,211,Server
548,211,Server
548,211,Server
548,211,Server
548,211,Server
548,211,Server
548,211,Server
548,211,Server
548,211,Server
548,211,Server
548,211,Server
548,212,Storekeeper
548,212,Storekeeper
548,212,Storekeeper
548,212,Storekeeper
548,212,Storekeeper
548,212,Storekeeper
548,212,Storekeeper
548,212,Storekeeper
548,212,Storekeeper
548,212,Storekeeper
548,212,Storekeeper
548,212,Storekeeper
548,212,Storekeeper
548,212,Storekeeper
548,212,Storekeeper
548,212,Storekeeper
548,212,Storekeeper
548,212,Storekeeper
548,212,Storekeeper
548,212,Storekeeper
548,212,Storekeeper
548,212,Storekeeper
548,212,Storekeeper
548,212,Storekeeper
548,212,Storekeeper
548,212,Storekeeper
548,212,Storekeeper
548,212,Storekeeper
548,212,Storekeeper
548,212,Storekeeper
548,212,Storekeeper
548,212,Storekeeper
548,212,Storekeeper
548,212,Storekeeper
548,212,Storekeeper
548,212,Storekeeper
548,212,Storekeeper
548,212,Storekeeper
548,212,Storekeeper
548,212,Storekeeper
548,212,Storekeeper
548,212,Storekeeper
548,212,Storekeeper
548,212,Storekeeper
548,212,Storekeeper
548,212,Storekeeper
548,212,Storekeeper
548,212,Storekeeper
548,212,Storekeeper
548,212,Storekeeper
548,212,Storekeeper
548,212,Storekeeper
548,212,Storekeeper
548,212,Storekeeper
548,212,Storekeeper
548,212,Storekeeper
548,212,Storekeeper
548,212,Storekeeper
548,212,Storekeeper
548,212,Storekeeper
548,212,Storekeeper
548,212,Storekeeper
548,212,Storekeeper
548,212,Storekeeper
548,212,Storekeeper
548,212,Storekeeper
548,212,Storekeeper
548,212,Storekeeper
548,212,Storekeeper
548,212,Storekeeper
549,101,Manager
549,102,Semi-Manager
549,103,Secretary
550,101,Manager
550,102,Semi-Manager
550,103,Secretary
550,105,Customer Service
550,105,Customer Service
550,105,Customer Service
550,105,Customer Service
550,105,Customer Service
550,105,Customer Service
550,105,Customer Service
550,105,Customer Service
550,105,Customer Service
550,105,Customer Service
550,105,Customer Service
550,105,Customer Service
550,105,Customer Service
550,105,Customer Service
550,105,Customer Service
550,105,Customer Service
550,105,Customer Service
550,105,Customer Service
550,105,Customer Service
550,105,Customer Service
550,221,Masseuse
550,221,Masseuse
550,221,Masseuse
550,221,Masseuse
550,221,Masseuse
550,221,Masseuse
550,221,Masseuse
550,221,Masseuse
550,221,Masseuse
550,221,Masseuse
550,221,Masseuse
550,221,Masseuse
550,221,Masseuse
550,221,Masseuse
550,221,Masseuse
550,221,Masseuse
550,221,Masseuse
550,221,Masseuse
550,221,Masseuse
550,221,Masseuse
550,221,Masseuse
550,221,Masseuse
550,221,Masseuse
550,221,Masseuse
550,221,Masseuse
550,221,Masseuse
550,221,Masseuse
550,221,Masseuse
550,221,Masseuse
550,221,Masseuse
550,221,Masseuse
550,221,Masseuse
550,221,Masseuse
550,221,Masseuse
550,221,Masseuse
550,221,Masseuse
550,221,Masseuse
550,221,Masseuse
550,221,Masseuse
550,221,Masseuse
550,222,Dietician
550,222,Dietician
550,222,Dietician
550,222,Dietician
550,222,Dietician
550,222,Dietician
550,222,Dietician
550,222,Dietician
550,222,Dietician
550,222,Dietician
550,223,Yoga Instructor
550,223,Yoga Instructor
550,223,Yoga Instructor
550,223,Yoga Instructor
550,223,Yoga Instructor
550,223,Yoga Instructor
550,223,Yoga Instructor
550,223,Yoga Instructor
550,223,Yoga Instructor
550,223,Yoga Instructor
550,223,Yoga Instructor
550,223,Yoga Instructor
550,223,Yoga Instructor
550,223,Yoga Instructor
550,223,Yoga Instructor
550,223,Yoga Instructor
550,223,Yoga Instructor
550,223,Yoga Instructor
550,223,Yoga Instructor
550,223,Yoga Instructor
550,223,Yoga Instructor
550,223,Yoga Instructor
550,223,Yoga Instructor
550,223,Yoga Instructor
550,223,Yoga Instructor
550,223,Yoga Instructor
550,223,Yoga Instructor
550,223,Yoga Instructor
550,223,Yoga Instructor
550,223,Yoga Instructor
551,101,Manager
551,105,Customer Service
551,105,Customer Service
551,105,Customer Service
551,105,Customer Service
551,105,Customer Service
551,105,Customer Service
551,105,Customer Service
551,105,Customer Service
551,105,Customer Service
551,105,Customer Service
551,105,Customer Service
551,105,Customer Service
551,105,Customer Service
551,105,Customer Service
551,105,Customer Service
551,105,Customer Service
551,105,Customer Service
551,105,Customer Service
551,105,Customer Service
551,105,Customer Service
551,231,Fitness Instructor
551,231,Fitness Instructor
551,231,Fitness Instructor
551,231,Fitness Instructor
551,231,Fitness Instructor
551,231,Fitness Instructor
551,231,Fitness Instructor
551,231,Fitness Instructor
551,231,Fitness Instructor
551,231,Fitness Instructor
551,231,Fitness Instructor
551,231,Fitness Instructor
551,231,Fitness Instructor
551,231,Fitness Instructor
551,231,Fitness Instructor
551,231,Fitness Instructor
551,231,Fitness Instructor
551,231,Fitness Instructor
551,231,Fitness Instructor
551,231,Fitness Instructor
552,101,Manager
552,105,Customer Service
552,105,Customer Service
552,105,Customer Service
552,105,Customer Service
552,105,Customer Service
552,105,Customer Service
552,105,Customer Service
552,105,Customer Service
552,105,Customer Service
552,105,Customer Service